{
  "ok": true,
  "image_size": [
    1280,
    720
  ],
  "pattern_size_used": [
    9,
    6
  ],
  "pattern_candidates": [
    [
      10,
      7
    ],
    [
      7,
      10
    ],
    [
      9,
      6
    ],
    [
      6,
      9
    ]
  ],
  "pattern_hit_count": {
    "10x7": 0,
    "7x10": 0,
    "9x6": 16,
    "6x9": 16
  },
  "K": [
    [
      765.2724656591287,
      0.0,
      620.8556409697745
    ],
    [
      0.0,
      766.2809276727902,
      357.09068971733313
    ],
    [
      0.0,
      0.0,
      1.0
    ]
  ],
  "distCoeffs": [
    -0.02695257967155252,
    -0.06340113679731907,
    0.0014696398238739229,
    -0.0021827697960665918,
    0.02428014964694316
  ],
  "rms": 0.35507342891398286,
  "reproj_rmse": 0.35507243415695827,
  "used_images": 16,
  "total_images": 16,
  "rvec": [
    0.0,
    0.0,
    0.0
  ],
  "tvec": [
    0.0,
    0.0,
    0.0
  ]
}